{"cameraMode":{"drawMode":0,"name":"Shaded","section":"Shading Mode"},"sceneLighting":true,"audioPlay":false,"sceneViewState":{"showFog":true,"showMaterialUpdate":false,"showSkybox":true,"showFlares":true,"showImageEffects":true,"showParticleSystems":true},"in2DMode":false,"pivot":{"x":0.40184980630874636,"y":-1.3676899671554566,"z":-12.210680961608887},"rotation":{"x":0.004499576520174742,"y":0.013499444350600243,"z":-0.00006074813427403569,"w":0.9998986721038818},"size":18.16702651977539,"orthographic":true}