{"cameraMode":{"drawMode":0,"name":"Shaded","section":"Shading Mode"},"sceneLighting":true,"audioPlay":false,"sceneViewState":{"showFog":true,"showMaterialUpdate":false,"showSkybox":true,"showFlares":true,"showImageEffects":true,"showParticleSystems":true},"in2DMode":false,"pivot":{"x":-0.3922119140625,"y":6.64990234375,"z":-8.6640625},"rotation":{"x":0.070430226624012,"y":0.01795431412756443,"z":-0.0012678613420575858,"w":0.9973549842834473},"size":14.53337574005127,"orthographic":true}